website,as_number,ip_address,level,phone_numbers,referer,reverse_dns_lookup,social_links,test,text,url
https://bluesteelband.co.nz,"[nan, nan]","['104.21.36.6', nan]","[1, 2]","[nan, ""{'+6421889551'}""]","[nan, 'https://bluesteelband.co.nz/sitemap-pt-page-2015-02.xml']","['Unknown', nan]","[nan, 'set()']","['6.36.21.104.in-addr.arpa', nan]","[nan, nan]","['https://bluesteelband.co.nz', 'https://bluesteelband.co.nz/contact/']"
https://bluestonedunedin.co.nz,"[nan, nan, nan, nan]","['52.10.77.138', nan, nan, nan]","[1, 2, 2, 3]","[nan, ""{'0800 782 936', '+6434779201'}"", ""{'0800 782 936', '+6434779201'}"", ""{'0800 782 936', '+6434779201'}""]","[nan, 'https://bluestonedunedin.co.nz/sitemap.xml/sitemap/SiteTree/1', 'https://bluestonedunedin.co.nz/sitemap.xml/sitemap/SiteTree/1', 'https://bluestonedunedin.co.nz/sitemap.xml/sitemap/SiteTree/1']","['ec2-52-10-77-138.us-west-2.compute.amazonaws.com', nan, nan, nan]","[nan, ""{'https://www.facebook.com/BluestoneonGeorge/'}"", ""{'https://www.facebook.com/BluestoneonGeorge/'}"", ""{'https://www.facebook.com/BluestoneonGeorge/'}""]","['138.77.10.52.in-addr.arpa', nan, nan, nan]","[nan, nan, nan, nan]","['https://bluestonedunedin.co.nz', 'https://bluestonedunedin.co.nz/contact-us/', 'https://bluestonedunedin.co.nz/about-us/', 'https://bluestonedunedin.co.nz/about-us/health-and-safety/']"
https://bluesuit.co.nz,,,,,,,,,,
https://bluetwist.co.nz,,,,,,,,,,
https://blueview.co.nz,[nan],['107.170.177.111'],[1],[nan],[nan],['Unknown'],[nan],['111.177.170.107.in-addr.arpa'],[nan],['https://blueview.co.nz']
https://bluewaterpools.co.nz,[nan],['35.189.48.215'],[1],[nan],[nan],['215.48.189.35.bc.googleusercontent.com'],[nan],['215.48.189.35.in-addr.arpa'],[nan],['https://bluewaterpools.co.nz']
https://bluewavemotel.co.nz,[nan],['216.104.33.82'],[1],[nan],[nan],['saturn.seekomhosting.com'],[nan],['82.33.104.216.in-addr.arpa'],[nan],['https://bluewavemotel.co.nz']
https://bluffhill.co.nz,,,,,,,,,,
https://bluishcoder.co.nz,,,,,,,,,,
https://blulink.co.nz,,,,,,,,,,
https://blume.co.nz,[nan],['104.21.82.186'],[1],[nan],[nan],['Unknown'],[nan],['186.82.21.104.in-addr.arpa'],[nan],['https://blume.co.nz']
https://blumhardt.nz,,,,,,,,,,
https://bluntcollections.co.nz,"[nan, nan]","['23.227.38.65', nan]","[1, 3]","[nan, 'set()']","[nan, 'https://bluntcollections.co.nz/sitemap_pages_1.xml']","['myshopify.com', nan]","[nan, ""{'https://www.instagram.com/bluntcollectionsnz/?hl=en', 'https://www.facebook.com/bluntcollectionsnz'}""]","['65.38.227.23.in-addr.arpa', nan]","[nan, nan]","['https://bluntcollections.co.nz', 'https://bluntcollections.co.nz/pages/contact-us']"
https://bluntumbrellas.co.nz,[nan],['23.227.38.65'],[1],[nan],[nan],['myshopify.com'],[nan],['65.38.227.23.in-addr.arpa'],[nan],['https://bluntumbrellas.co.nz']
https://blurb.co.nz,,,,,,,,,,
https://blushbabyclothing.co.nz,[nan],['23.227.38.32'],[1],[nan],[nan],['myshopify.com'],[nan],['32.38.227.23.in-addr.arpa'],[nan],['https://blushbabyclothing.co.nz']
https://blushbeautyboutique.co.nz,[nan],['104.21.59.51'],[1],[nan],[nan],['Unknown'],[nan],['51.59.21.104.in-addr.arpa'],[nan],['https://blushbeautyboutique.co.nz']
https://blushboutique.co.nz,[nan],['43.250.140.21'],[1],[nan],[nan],['syn231.syd4.hostyourservices.net'],[nan],['21.140.250.43.in-addr.arpa'],[nan],['https://blushboutique.co.nz']
https://blushflorist.co.nz,[nan],['23.227.38.32'],[1],[nan],[nan],['myshopify.com'],[nan],['32.38.227.23.in-addr.arpa'],[nan],['https://blushflorist.co.nz']
https://blushginstore.co.nz,"[nan, nan, nan]","['23.227.38.36', nan, nan]","[1, 3, 3]","[nan, 'set()', 'set()']","[nan, 'https://blushginstore.co.nz/sitemap_pages_1.xml', 'https://blushginstore.co.nz/sitemap_pages_1.xml']","['Unknown', nan, nan]","[nan, ""{'http://instagram.com/blushginnz'}"", ""{'http://instagram.com/blushginnz'}""]","['36.38.227.23.in-addr.arpa', nan, nan]","[nan, nan, nan]","['https://blushginstore.co.nz', 'https://blushginstore.co.nz/pages/contact-us', 'https://blushginstore.co.nz/pages/about-us']"
https://www.bluetwist.co.nz,[nan],['172.67.178.166'],[1],[nan],[nan],['Unknown'],[nan],['166.178.67.172.in-addr.arpa'],[nan],['https://www.bluetwist.co.nz']
https://www.blushbabyclothing.co.nz,"[nan, nan]","[nan, nan]","[3, 3]","['set()', 'set()']","['https://www.blushbabyclothing.co.nz/sitemap_pages_1.xml', 'https://www.blushbabyclothing.co.nz/sitemap_pages_1.xml']","[nan, nan]","[""{'https://www.facebook.com/blushbabyclothing/', 'https://www.instagram.com/blush_baby_clothing/'}"", ""{'https://www.facebook.com/blushbabyclothing', 'https://www.facebook.com/blushbabyclothing/', 'https://www.instagram.com/blush_baby_clothing/'}""]","[nan, nan]","[nan, nan]","['https://www.blushbabyclothing.co.nz/pages/about-us', 'https://www.blushbabyclothing.co.nz/pages/contact']"
