as_number,ip_address,level,phone_numbers,referer,reverse_dns_lookup,social_links,test,text,url,website
,104.21.36.6,1,,,Unknown,,6.36.21.104.in-addr.arpa,,https://bluesteelband.co.nz,https://bluesteelband.co.nz
,52.10.77.138,1,,,ec2-52-10-77-138.us-west-2.compute.amazonaws.com,,138.77.10.52.in-addr.arpa,,https://bluestonedunedin.co.nz,https://bluestonedunedin.co.nz
,,2,{'+6421889551'},https://bluesteelband.co.nz/sitemap-pt-page-2015-02.xml,,set(),,,https://bluesteelband.co.nz/contact/,https://bluesteelband.co.nz
,,2,"{'0800 782 936', '+6434779201'}",https://bluestonedunedin.co.nz/sitemap.xml/sitemap/SiteTree/1,,{'https://www.facebook.com/BluestoneonGeorge/'},,,https://bluestonedunedin.co.nz/contact-us/,https://bluestonedunedin.co.nz
,,2,"{'0800 782 936', '+6434779201'}",https://bluestonedunedin.co.nz/sitemap.xml/sitemap/SiteTree/1,,{'https://www.facebook.com/BluestoneonGeorge/'},,,https://bluestonedunedin.co.nz/about-us/,https://bluestonedunedin.co.nz
,,3,"{'0800 782 936', '+6434779201'}",https://bluestonedunedin.co.nz/sitemap.xml/sitemap/SiteTree/1,,{'https://www.facebook.com/BluestoneonGeorge/'},,,https://bluestonedunedin.co.nz/about-us/health-and-safety/,https://bluestonedunedin.co.nz
,172.67.178.166,1,,,Unknown,,166.178.67.172.in-addr.arpa,,https://www.bluetwist.co.nz,https://www.bluetwist.co.nz
,107.170.177.111,1,,,Unknown,,111.177.170.107.in-addr.arpa,,https://blueview.co.nz,https://blueview.co.nz
,35.189.48.215,1,,,215.48.189.35.bc.googleusercontent.com,,215.48.189.35.in-addr.arpa,,https://bluewaterpools.co.nz,https://bluewaterpools.co.nz
,216.104.33.82,1,,,saturn.seekomhosting.com,,82.33.104.216.in-addr.arpa,,https://bluewavemotel.co.nz,https://bluewavemotel.co.nz
,104.21.82.186,1,,,Unknown,,186.82.21.104.in-addr.arpa,,https://blume.co.nz,https://blume.co.nz
,23.227.38.65,1,,,myshopify.com,,65.38.227.23.in-addr.arpa,,https://bluntcollections.co.nz,https://bluntcollections.co.nz
,23.227.38.65,1,,,myshopify.com,,65.38.227.23.in-addr.arpa,,https://bluntumbrellas.co.nz,https://bluntumbrellas.co.nz
,,3,set(),https://bluntcollections.co.nz/sitemap_pages_1.xml,,"{'https://www.instagram.com/bluntcollectionsnz/?hl=en', 'https://www.facebook.com/bluntcollectionsnz'}",,,https://bluntcollections.co.nz/pages/contact-us,https://bluntcollections.co.nz
,23.227.38.32,1,,,myshopify.com,,32.38.227.23.in-addr.arpa,,https://blushbabyclothing.co.nz,https://blushbabyclothing.co.nz
,104.21.59.51,1,,,Unknown,,51.59.21.104.in-addr.arpa,,https://blushbeautyboutique.co.nz,https://blushbeautyboutique.co.nz
,,3,set(),https://www.blushbabyclothing.co.nz/sitemap_pages_1.xml,,"{'https://www.facebook.com/blushbabyclothing/', 'https://www.instagram.com/blush_baby_clothing/'}",,,https://www.blushbabyclothing.co.nz/pages/about-us,https://www.blushbabyclothing.co.nz
,,3,set(),https://www.blushbabyclothing.co.nz/sitemap_pages_1.xml,,"{'https://www.facebook.com/blushbabyclothing', 'https://www.facebook.com/blushbabyclothing/', 'https://www.instagram.com/blush_baby_clothing/'}",,,https://www.blushbabyclothing.co.nz/pages/contact,https://www.blushbabyclothing.co.nz
,43.250.140.21,1,,,syn231.syd4.hostyourservices.net,,21.140.250.43.in-addr.arpa,,https://blushboutique.co.nz,https://blushboutique.co.nz
,23.227.38.32,1,,,myshopify.com,,32.38.227.23.in-addr.arpa,,https://blushflorist.co.nz,https://blushflorist.co.nz
,23.227.38.36,1,,,Unknown,,36.38.227.23.in-addr.arpa,,https://blushginstore.co.nz,https://blushginstore.co.nz
,,3,set(),https://blushginstore.co.nz/sitemap_pages_1.xml,,{'http://instagram.com/blushginnz'},,,https://blushginstore.co.nz/pages/contact-us,https://blushginstore.co.nz
,,3,set(),https://blushginstore.co.nz/sitemap_pages_1.xml,,{'http://instagram.com/blushginnz'},,,https://blushginstore.co.nz/pages/about-us,https://blushginstore.co.nz
